{"flutter":{"platforms":{"android":{"default":{"projectId":"evoria-a72c3","appId":"1:169893296761:android:c776224e133186f01db2a8","fileOutput":"android/app/google-services.json"}},"dart":{"lib/firebase_options.dart":{"projectId":"evoria-a72c3","configurations":{"android":"1:169893296761:android:c776224e133186f01db2a8","ios":"1:169893296761:ios:2646f38aad31eeb11db2a8","macos":"1:169893296761:ios:2646f38aad31eeb11db2a8","web":"1:169893296761:web:5b19466e57b0aa631db2a8","windows":"1:169893296761:web:2b8628772bf1a85e1db2a8"}}}}}}